,Player,Team,Game,Date,Opposing Team,Position,Pre-Season Injury?,Winning Team?,Week of Injury,Season,Weeks Injured,Games Missed,Unknown Injury?,Reported Injury Type,Total Snaps,Play Time After Injury,Average Playtime Before Injury
0,Aldrick Robinson,Washington Redskins,Washington Redskins vs. Tampa Bay Buccaneers (30/9/2012),30/09/2012,Tampa Bay Buccaneers,Wide Receiver,No,Yes,4,2012/2013,1,1.0,No,Head,0,14 downs,37.00 downs
1,D.J. Fluker,San Diego Chargers,Tennessee Titans vs. San Diego Chargers (22/9/2013),22/09/2013,Tennessee Titans,Offensive Tackle,No,No,3,2013/2014,1,1.0,No,Concussion,0,78 downs,73.50 downs
2,Marquise Goodwin,Buffalo Bills,Houston Texans vs. Buffalo Bills (28/9/2014),28/09/2014,Houston Texans,Wide Receiver,No,No,4,2014/2015,1,1.0,No,Concussion,0,25 downs,17.50 downs
3,Bryan Stork,New England Patriots,New England Patriots vs. Buffalo Bills (12/10/2014),12/10/2014,Buffalo Bills,Center,No,Yes,6,2014/2015,1,1.0,No,Head,0,82 downs,41.50 downs
16,Daniel Kilgore,San Francisco 49ers,San Francisco 49ers vs. Arizona Cardinals (29/10/2012),29/10/2012,Arizona Cardinals,Guard,No,Yes,8,2012/2013,1,0.0,No,Concussion,1,8 downs,14.43 downs
17,Dennis Pitta,Baltimore Ravens,Baltimore Ravens vs. Pittsburgh Steelers (18/11/2012),18/11/2012,Pittsburgh Steelers,Tight End,No,Yes,11,2012/2013,1,0.0,No,Head,1,85 downs,46.44 downs
18,Shea McClellin,Chicago Bears,Houston Texans vs. Chicago Bears (11/11/2012),11/11/2012,Houston Texans,Defensive End,No,No,10,2012/2013,1,1.0,No,Concussion,1,27 downs,31.00 downs
19,Brent Celek,Philadelphia Eagles,Philadelphia Eagles vs. Tampa Bay Buccaneers (9/12/2012),9/12/2012,Tampa Bay Buccaneers,Tight End,No,Yes,14,2012/2013,1,1.0,No,Concussion,1,64 downs,66.50 downs
20,Johnathan Franklin,Green Bay Packers,Minnesota Vikings vs. Green Bay Packers (24/11/2013),24/11/2013,Minnesota Vikings,Running Back,No,No,12,2013/2014,1,5.0,No,Concussion,1,Did not return from injury,13.90 downs
23,Stephen Hill,New York Jets,Tennessee Titans vs. New York Jets (29/9/2013),29/09/2013,Tennessee Titans,Wide Receiver,No,No,4,2013/2014,1,0.0,No,Concussion,2,31 downs,69.67 downs
24,Joe Webb,Minnesota Vikings,Minnesota Vikings vs. Green Bay Packers (24/11/2013),24/11/2013,Green Bay Packers,Wide Receiver,No,Yes,12,2013/2014,1,0.0,No,Concussion,2,6 downs,22.90 downs
25,Jeff Maehl,Philadelphia Eagles,Philadelphia Eagles vs. Arizona Cardinals (1/12/2013),1/12/2013,Arizona Cardinals,Wide Receiver,No,Yes,13,2013/2014,1,0.0,No,Concussion,2,6 downs,14.18 downs
26,Steve Vallos,Denver Broncos,Denver Broncos vs. Houston Texans (22/12/2013),22/12/2013,Houston Texans,Center,No,Yes,16,2013/2014,1,1.0,No,Concussion,2,7 downs,8.14 downs
27,Dwight Lowery,Jacksonville Jaguars,Seattle Seahawks vs. Jacksonville Jaguars (22/9/2013),22/09/2013,Seattle Seahawks,Safety,No,No,3,2013/2014,1,13.0,No,Concussion,2,Did not return from injury,62.50 downs
28,Ryan Mathews,San Diego Chargers,Oakland Raiders vs. San Diego Chargers (6/10/2013),6/10/2013,Oakland Raiders,Running Back,No,No,5,2013/2014,1,0.0,No,Concussion,3,40 downs,25.25 downs
29,Darren Sproles,New Orleans Saints,New York Jets vs. New Orleans Saints (3/11/2013),3/11/2013,New York Jets,Running Back,No,No,9,2013/2014,1,0.0,No,Concussion,3,37 downs,31.88 downs
30,Joe Reitz,Indianapolis Colts,Indianapolis Colts vs. Detroit Lions (2/12/2012),2/12/2012,Detroit Lions,Guard,No,Yes,13,2012/2013,1,1.0,No,Head,3,64 downs,66.20 downs
31,Theo Riddick,Detroit Lions,Green Bay Packers vs. Detroit Lions (6/10/2013),6/10/2013,Green Bay Packers,Running Back,No,No,5,2013/2014,1,2.0,No,Concussion,3,20 downs,22.50 downs
32,William Middleton,Jacksonville Jaguars,Houston Texans vs. Jacksonville Jaguars (18/11/2012),18/11/2012,Houston Texans,Comerback,No,No,11,2012/2013,1,6.0,No,Concussion,3,Did not return from injury,28.67 downs
33,Johnny White,Green Bay Packers,New York Giants vs. Green Bay Packers (25/11/2012),25/11/2012,New York Giants,Running Back,No,No,12,2012/2013,1,7.0,No,Concussion,3,Did not return from injury,12.33 downs
35,Andre Brown,New York Giants,New York Giants vs. Cleveland Browns (7/10/2012),7/10/2012,Cleveland Browns,Running Back,No,Yes,5,2012/2013,1,1.0,No,Concussion,4,25 downs,36.25 downs
36,K.J. Wright,Seattle Seahawks,Seattle Seahawks vs. Minnesota Vikings (4/11/2012),4/11/2012,Minnesota Vikings,Linebacker,No,Yes,9,2012/2013,1,1.0,No,Concussion,4,71 downs,73.75 downs
37,Reggie Walker,Arizona Cardinals,St. Louis Rams vs. Arizona Cardinals (4/10/2012),4/10/2012,St. Louis Rams,Linebacker,No,No,5,2012/2013,1,2.0,No,Head,4,20 downs,28.75 downs
38,Tracy Porter,Denver Broncos,Denver Broncos vs. Cleveland Browns (23/12/2012),23/12/2012,Cleveland Browns,Comerback,No,Yes,16,2012/2013,1,2.0,No,Concussion,4,Did not return from injury,63.80 downs
39,Laurent Robinson,Jacksonville Jaguars,Jacksonville Jaguars vs. Indianapolis Colts (23/9/2012),23/09/2012,Indianapolis Colts,Wide Receiver,No,Yes,3,2012/2013,1,0.0,No,Concussion,5,26 downs,56.00 downs
40,Omar Bolden,Denver Broncos,Denver Broncos vs. San Diego Chargers (18/11/2012),18/11/2012,San Diego Chargers,Comerback,No,Yes,11,2012/2013,1,0.0,No,Concussion,5,12 downs,22.67 downs
41,Isaac Redman,Pittsburgh Steelers,Baltimore Ravens vs. Pittsburgh Steelers (18/11/2012),18/11/2012,Baltimore Ravens,Running Back,No,No,11,2012/2013,1,0.0,No,Concussion,5,5 downs,28.86 downs
43,Domenik Hixon,New York Giants,New York Giants vs. Tampa Bay Buccaneers (16/9/2012),16/09/2012,Tampa Bay Buccaneers,Wide Receiver,No,Yes,2,2012/2013,1,1.0,No,Concussion,5,62 downs,29.00 downs
44,Eddie Lacy,Green Bay Packers,Green Bay Packers vs. Washington Redskins (15/9/2013),15/09/2013,Washington Redskins,Running Back,No,Yes,2,2013/2014,1,1.0,No,Concussion,5,54 downs,41.00 downs
45,LaRon Byrd,Arizona Cardinals,St. Louis Rams vs. Arizona Cardinals (25/11/2012),25/11/2012,St. Louis Rams,Wide Receiver,No,No,12,2012/2013,1,2.0,No,Head,5,20 downs,1.00 downs
46,Bernard Pierce,Baltimore Ravens,Denver Broncos vs. Baltimore Ravens (16/12/2012),16/12/2012,Denver Broncos,Running Back,No,No,15,2012/2013,1,0.0,No,Head,6,22 downs,12.69 downs
47,Dunta Robinson,Atlanta Falcons,Tampa Bay Buccaneers vs. Atlanta Falcons (30/12/2012),30/12/2012,Tampa Bay Buccaneers,Comerback,No,No,17,2012/2013,1,0.0,No,Head,6,63 downs,62.00 downs
48,Raymond Ventrone,San Francisco 49ers,Indianapolis Colts vs. San Francisco 49ers (22/9/2013),22/09/2013,Indianapolis Colts,Safety,No,No,3,2013/2014,1,0.0,No,Concussion,6,25 downs,20.00 downs
49,Jermichael Finley,Green Bay Packers,Cincinnati Bengals vs. Green Bay Packers (22/9/2013),22/09/2013,Cincinnati Bengals,Tight End,No,No,3,2013/2014,1,0.0,No,Concussion,6,45 downs,51.00 downs
50,Nolan Carroll,Miami Dolphins,Miami Dolphins vs. Cincinnati Bengals (31/10/2013),31/10/2013,Cincinnati Bengals,Comerback,No,Yes,9,2013/2014,1,0.0,No,Concussion,6,73 downs,58.86 downs
52,Ellis Lankster,New York Jets,San Diego Chargers vs. New York Jets (23/12/2012),23/12/2012,San Diego Chargers,Comerback,No,No,16,2012/2013,1,1.0,No,Concussion,6,Did not return from injury,41.14 downs
53,Billy Winn,Cleveland Browns,Cincinnati Bengals vs. Cleveland Browns (16/9/2012),16/09/2012,Cincinnati Bengals,Defensive Tackle,No,No,2,2012/2013,1,0.0,No,Head,7,56 downs,69.00 downs
54,Kyle Arrington,New England Patriots,New England Patriots vs. St. Louis Rams (28/10/2012),28/10/2012,St. Louis Rams,Comerback,No,Yes,8,2012/2013,1,0.0,No,Concussion,7,86 downs,74.29 downs
55,Ernie Sims,Dallas Cowboys,Dallas Cowboys vs. Pittsburgh Steelers (16/12/2012),16/12/2012,Pittsburgh Steelers,Linebacker,No,Yes,15,2012/2013,1,0.0,No,Concussion,7,20 downs,54.43 downs
56,Justin Bethel,Arizona Cardinals,Arizona Cardinals vs. Jacksonville Jaguars (17/11/2013),17/11/2013,Jacksonville Jaguars,Comerback,No,Yes,11,2013/2014,1,0.0,No,Concussion,7,17 downs,21.22 downs
57,Antoine Caldwell,Houston Texans,Green Bay Packers vs. Houston Texans (14/10/2012),14/10/2012,Green Bay Packers,Guard,No,No,6,2012/2013,1,0.0,No,Concussion,8,48 downs,48.00 downs
58,Craig Stevens,Tennessee Titans,Tennessee Titans vs. Oakland Raiders (24/11/2013),24/11/2013,Oakland Raiders,Tight End,No,Yes,12,2013/2014,1,1.0,No,Concussion,8,15 downs,43.90 downs
59,Dre Kirkpatrick,Cincinnati Bengals,Cincinnati Bengals vs. San Diego Chargers (2/12/2012),2/12/2012,San Diego Chargers,Comerback,No,Yes,13,2012/2013,1,4.0,No,Head,8,Did not return from injury,21.50 downs
61,Adrian Robinson,Pittsburgh Steelers,Pittsburgh Steelers vs. Cincinnati Bengals (21/10/2012),21/10/2012,Cincinnati Bengals,Linebacker,No,Yes,7,2012/2013,1,0.0,No,Concussion,9,7 downs,3.00 downs
62,Rashean Mathis,Detroit Lions,Detroit Lions vs. Chicago Bears (29/9/2013),29/09/2013,Chicago Bears,Comerback,No,Yes,4,2013/2014,1,0.0,No,Head,9,68 downs,49.67 downs
63,Nick Kasa,Oakland Raiders,New York Jets vs. Oakland Raiders (8/12/2013),8/12/2013,New York Jets,Tight End,No,No,14,2013/2014,1,0.0,No,Concussion,9,11 downs,7.42 downs
64,Terron Armstead,New Orleans Saints,Dallas Cowboys vs. New Orleans Saints (28/9/2014),28/09/2014,Dallas Cowboys,Offensive Tackle,No,No,4,2014/2015,1,0.0,No,Concussion,9,89 downs,76.33 downs
65,Christopher Conte,Chicago Bears,Carolina Panthers vs. Chicago Bears (5/10/2014),5/10/2014,Carolina Panthers,Safety,No,No,5,2014/2015,1,0.0,No,Concussion,9,26 downs,42.00 downs
66,Michael Hoomanawanui,New England Patriots,New England Patriots vs. Buffalo Bills (30/9/2012),30/09/2012,Buffalo Bills,Tight End,No,Yes,4,2012/2013,1,2.0,No,Concussion,9,20 downs,17.67 downs
69,Phillip Adams,Oakland Raiders,Oakland Raiders vs. Kansas City Chiefs (16/12/2012),16/12/2012,Kansas City Chiefs,Comerback,No,Yes,15,2012/2013,1,0.0,No,Concussion,10,25 downs,23.77 downs
70,Gino Gradkowski,Baltimore Ravens,Baltimore Ravens vs. Denver Broncos (12/1/2013),12/01/2013,Denver Broncos,Guard,No,Yes,19,2012/2013,1,0.0,No,Head,10,5 downs,11.71 downs
72,Devin Hester,Chicago Bears,Chicago Bears vs. Minnesota Vikings (25/11/2012),25/11/2012,Minnesota Vikings,Wide Receiver,No,Yes,12,2012/2013,1,1.0,No,Concussion,10,61 downs,36.70 downs
74,Kevin Rutland,Jacksonville Jaguars,Jacksonville Jaguars vs. Indianapolis Colts (23/9/2012),23/09/2012,Indianapolis Colts,Comerback,No,Yes,3,2012/2013,1,2.0,No,Concussion,10,6 downs,19.50 downs
75,Joshua Cribbs,Cleveland Browns,Baltimore Ravens vs. Cleveland Browns (27/9/2012),27/09/2012,Baltimore Ravens,Wide Receiver,No,No,4,2012/2013,1,0.0,No,Head,11,27 downs,23.67 downs
76,Nate Eachus,Kansas City Chiefs,Oakland Raiders vs. Kansas City Chiefs (28/10/2012),28/10/2012,Oakland Raiders,Running Back,No,No,8,2012/2013,1,1.0,No,Head,11,32 downs,28.50 downs
77,Delanie Walker,Tennessee Titans,Indianapolis Colts vs. Tennessee Titans (1/12/2013),1/12/2013,Indianapolis Colts,Tight End,No,No,13,2013/2014,1,1.0,No,Concussion,11,77 downs,54.55 downs
78,Brady Quinn,Kansas City Chiefs,Oakland Raiders vs. Kansas City Chiefs (28/10/2012),28/10/2012,Oakland Raiders,Quarterback,No,No,8,2012/2013,1,2.0,No,Head,11,30 downs,39.00 downs
79,Joe Reitz,Indianapolis Colts,Indianapolis Colts vs. Houston Texans (15/12/2013),15/12/2013,Houston Texans,Guard,No,Yes,15,2013/2014,1,3.0,No,Concussion,11,Did not return from injury,15.17 downs
81,Mike Tolbert,Carolina Panthers,Carolina Panthers vs. Washington Redskins (4/11/2012),4/11/2012,Washington Redskins,Full Back,No,Yes,9,2012/2013,1,0.0,No,Head,12,22 downs,33.00 downs
82,Peyton Hillis,New York Giants,Seattle Seahawks vs. New York Giants (15/12/2013),15/12/2013,Seattle Seahawks,Running Back,No,No,15,2013/2014,1,1.0,No,Concussion,12,41 downs,25.25 downs
85,Bilal Powell,New York Jets,Seattle Seahawks vs. New York Jets (11/11/2012),11/11/2012,Seattle Seahawks,Running Back,No,No,10,2012/2013,1,0.0,No,Concussion,13,28 downs,31.00 downs
86,Anthony Allen,Baltimore Ravens,Baltimore Ravens vs. Denver Broncos (12/1/2013),12/01/2013,Denver Broncos,Running Back,No,Yes,19,2012/2013,1,0.0,No,Head,13,16 downs,24.35 downs
87,Kyle Wilson,New York Jets,Pittsburgh Steelers vs. New York Jets (13/10/2013),13/10/2013,Pittsburgh Steelers,Comerback,No,No,6,2013/2014,1,0.0,No,Concussion,13,70 downs,54.00 downs
88,Omar Bolden,Denver Broncos,New England Patriots vs. Denver Broncos (24/11/2013),24/11/2013,New England Patriots,Safety,No,No,12,2013/2014,1,0.0,No,Concussion,13,25 downs,22.20 downs
89,Chris Prosinski,Jacksonville Jaguars,Jacksonville Jaguars vs. Houston Texans (5/12/2013),5/12/2013,Houston Texans,Safety,No,Yes,14,2013/2014,1,0.0,No,Concussion,13,82 downs,0.00 downs
90,Joseph Randle,Dallas Cowboys,Dallas Cowboys vs. Tennessee Titans (14/9/2014),14/09/2014,Tennessee Titans,Running Back,No,Yes,2,2014/2015,1,0.0,No,Concussion,13,9 downs,3.00 downs
91,John Sullivan,Minnesota Vikings,Buffalo Bills vs. Minnesota Vikings (19/10/2014),19/10/2014,Buffalo Bills,Center,No,No,7,2014/2015,1,0.0,No,Concussion,13,74 downs,62.57 downs
93,Montell Owens,Jacksonville Jaguars,Jacksonville Jaguars vs. Indianapolis Colts (23/9/2012),23/09/2012,Indianapolis Colts,Running Back,No,Yes,3,2012/2013,1,0.0,No,Concussion,14,18 downs,32.50 downs
94,William Powell,Arizona Cardinals,St. Louis Rams vs. Arizona Cardinals (4/10/2012),4/10/2012,St. Louis Rams,Running Back,No,No,5,2012/2013,1,0.0,No,Head,14,35 downs,40.00 downs
95,Phillip Adams,Oakland Raiders,Cleveland Browns vs. Oakland Raiders (2/12/2012),2/12/2012,Cleveland Browns,Comerback,No,No,13,2012/2013,1,0.0,No,Concussion,14,61 downs,21.27 downs
96,Mychal Rivera,Oakland Raiders,Tennessee Titans vs. Oakland Raiders (24/11/2013),24/11/2013,Tennessee Titans,Tight End,No,No,12,2013/2014,1,0.0,No,Concussion,14,42 downs,51.50 downs
97,Brodrick Bunkley,New Orleans Saints,Detroit Lions vs. New Orleans Saints (19/10/2014),19/10/2014,Detroit Lions,Defensive Tackle,No,No,7,2014/2015,1,0.0,No,Concussion,14,24 downs,27.50 downs
98,Lamin Barrow,Denver Broncos,Denver Broncos vs. San Diego Chargers (23/10/2014),23/10/2014,San Diego Chargers,Linebacker,No,Yes,8,2014/2015,1,0.0,No,Concussion,14,30 downs,28.50 downs
100,James Harrison,Cincinnati Bengals,Pittsburgh Steelers vs. Cincinnati Bengals (15/12/2013),15/12/2013,Pittsburgh Steelers,Linebacker,No,No,15,2013/2014,1,1.0,No,Concussion,14,27 downs,30.77 downs
102,Martin Tevaseu,Indianapolis Colts,Indianapolis Colts vs. Buffalo Bills (25/11/2012),25/11/2012,Buffalo Bills,Defensive Tackle,No,Yes,12,2012/2013,1,0.0,No,Head,15,24 downs,14.00 downs
103,Ramon Foster,Pittsburgh Steelers,Oakland Raiders vs. Pittsburgh Steelers (27/10/2013),27/10/2013,Oakland Raiders,Guard,No,No,8,2013/2014,1,0.0,No,Concussion,15,80 downs,58.00 downs
105,David Amerson,Washington Redskins,Arizona Cardinals vs. Washington Redskins (12/10/2014),12/10/2014,Arizona Cardinals,Comerback,No,No,6,2014/2015,1,0.0,No,Concussion,15,59 downs,73.40 downs
106,Christopher Owens,Atlanta Falcons,Atlanta Falcons vs. Denver Broncos (17/9/2012),17/09/2012,Denver Broncos,Comerback,No,Yes,2,2012/2013,1,2.0,No,Head,15,21 downs,32.00 downs
108,Justin Hunter,Tennessee Titans,Indianapolis Colts vs. Tennessee Titans (14/11/2013),14/11/2013,Indianapolis Colts,Wide Receiver,No,No,11,2013/2014,1,0.0,No,Concussion,16,39 downs,17.13 downs
109,Daren Bates,St. Louis Rams,St. Louis Rams vs. Chicago Bears (24/11/2013),24/11/2013,Chicago Bears,Linebacker,No,Yes,12,2013/2014,1,1.0,No,Concussion,16,17 downs,19.60 downs
110,Jeron Johnson,Seattle Seahawks,Seattle Seahawks vs. Carolina Panthers (26/10/2014),26/10/2014,Carolina Panthers,Safety,No,Yes,8,2014/2015,1,1.0,No,Concussion,16,75 downs,23.67 downs
111,Will Rackley,Jacksonville Jaguars,San Francisco 49ers vs. Jacksonville Jaguars (27/10/2013),27/10/2013,San Francisco 49ers,Guard,No,No,8,2013/2014,1,2.0,No,Concussion,16,72 downs,62.86 downs
112,Bryan Walters,Seattle Seahawks,St. Louis Rams vs. Seattle Seahawks (19/10/2014),19/10/2014,St. Louis Rams,Wide Receiver,No,No,7,2014/2015,1,2.0,No,Concussion,16,10 downs,16.67 downs
113,Rashad Jennings,Jacksonville Jaguars,Buffalo Bills vs. Jacksonville Jaguars (2/12/2012),2/12/2012,Buffalo Bills,Running Back,No,No,13,2012/2013,1,4.0,No,Concussion,16,Did not return from injury,38.33 downs
115,Keith Brooking,Denver Broncos,New England Patriots vs. Denver Broncos (7/10/2012),7/10/2012,New England Patriots,Linebacker,No,No,5,2012/2013,1,0.0,No,Concussion,17,37 downs,33.50 downs
116,Jeff Allen,Kansas City Chiefs,San Diego Chargers vs. Kansas City Chiefs (1/11/2012),1/11/2012,San Diego Chargers,Guard,No,No,9,2012/2013,1,0.0,No,Head,17,68 downs,50.71 downs
117,Matt Giordano,Oakland Raiders,Cleveland Browns vs. Oakland Raiders (2/12/2012),2/12/2012,Cleveland Browns,Safety,No,No,13,2012/2013,1,0.0,No,Concussion,17,87 downs,61.36 downs
118,Vernon Davis,San Francisco 49ers,Seattle Seahawks vs. San Francisco 49ers (23/12/2012),23/12/2012,Seattle Seahawks,Tight End,No,No,16,2012/2013,1,0.0,No,Concussion,17,60 downs,60.07 downs
119,Chris Ogbonnaya,Cleveland Browns,Cleveland Browns vs. Buffalo Bills (3/10/2013),3/10/2013,Buffalo Bills,Running Back,No,Yes,5,2013/2014,1,0.0,No,Concussion,17,55 downs,52.75 downs
120,Andre Fluellen,Detroit Lions,Cincinnati Bengals vs. Detroit Lions (20/10/2013),20/10/2013,Cincinnati Bengals,Defensive Tackle,No,No,7,2013/2014,1,0.0,No,Concussion,17,19 downs,16.33 downs
121,Nate Irving,Denver Broncos,Houston Texans vs. Denver Broncos (23/9/2012),23/09/2012,Houston Texans,Linebacker,No,No,3,2012/2013,1,1.0,No,Concussion,17,24 downs,21.50 downs
122,Garrett Graham,Houston Texans,Houston Texans vs. Tennessee Titans (2/12/2012),2/12/2012,Tennessee Titans,Tight End,No,Yes,13,2012/2013,1,1.0,No,Concussion,17,46 downs,50.27 downs
123,Jabari Greer,New Orleans Saints,New Orleans Saints vs. Dallas Cowboys (23/12/2012),23/12/2012,Dallas Cowboys,Comerback,No,Yes,16,2012/2013,1,1.0,No,Concussion,17,Did not return from injury,61.85 downs
124,Josh Thomas,Carolina Panthers,Buffalo Bills vs. Carolina Panthers (15/9/2013),15/09/2013,Buffalo Bills,Comerback,No,No,2,2013/2014,1,1.0,No,Concussion,17,65 downs,71.00 downs
125,Dan Connolly,New England Patriots,New England Patriots vs. New Orleans Saints (13/10/2013),13/10/2013,New Orleans Saints,Guard,No,Yes,6,2013/2014,1,1.0,No,Concussion,17,80 downs,74.80 downs
127,Kevin Boss,Kansas City Chiefs,Buffalo Bills vs. Kansas City Chiefs (16/9/2012),16/09/2012,Buffalo Bills,Tight End,No,No,2,2012/2013,1,14.0,No,Head,17,Did not return from injury,37.00 downs
128,Luke Joeckel,Jacksonville Jaguars,Miami Dolphins vs. Jacksonville Jaguars (26/10/2014),26/10/2014,Miami Dolphins,Offensive Tackle,No,No,8,2014/2015,1,0.0,No,Concussion,18,66 downs,68.14 downs
130,Usama Young,Cleveland Browns,Cleveland Browns vs. Pittsburgh Steelers (25/11/2012),25/11/2012,Pittsburgh Steelers,Safety,No,Yes,12,2012/2013,1,1.0,No,Head,18,28 downs,56.22 downs
131,Da'Quan Bowers,Tampa Bay Buccaneers,Tampa Bay Buccaneers vs. Miami Dolphins (11/11/2013),11/11/2013,Miami Dolphins,Defensive End,No,Yes,10,2013/2014,1,1.0,No,Concussion,18,19 downs,18.50 downs
132,Thomas DeCoud,Atlanta Falcons,Green Bay Packers vs. Atlanta Falcons (8/12/2013),8/12/2013,Green Bay Packers,Safety,No,No,14,2013/2014,1,1.0,No,Concussion,18,66 downs,77.58 downs
133,Josh Norman,Carolina Panthers,Carolina Panthers vs. Chicago Bears (5/10/2014),5/10/2014,Chicago Bears,Comerback,No,Yes,5,2014/2015,1,2.0,No,Concussion,18,71 downs,32.00 downs
134,Phillip Gaines,Kansas City Chiefs,San Francisco 49ers vs. Kansas City Chiefs (5/10/2014),5/10/2014,San Francisco 49ers,Comerback,No,No,5,2014/2015,1,0.0,No,Concussion,19,49 downs,14.25 downs
135,Percy Harvin,Seattle Seahawks,Seattle Seahawks vs. New Orleans Saints (11/1/2014),11/01/2014,New Orleans Saints,Wide Receiver,No,Yes,19,2013/2014,1,1.0,No,Concussion,19,31 downs,21.00 downs
136,Marcus Gilbert,Pittsburgh Steelers,Pittsburgh Steelers vs. Houston Texans (20/10/2014),20/10/2014,Houston Texans,Offensive Tackle,No,Yes,7,2014/2015,1,1.0,No,Concussion,19,75 downs,66.71 downs
137,Early Doucet,Arizona Cardinals,Seattle Seahawks vs. Arizona Cardinals (9/12/2012),9/12/2012,Seattle Seahawks,Wide Receiver,No,No,14,2012/2013,1,3.0,No,Concussion,19,Did not return from injury,43.36 downs
139,Dexter McCluster,Kansas City Chiefs,Denver Broncos vs. Kansas City Chiefs (25/11/2012),25/11/2012,Denver Broncos,Wide Receiver,No,No,12,2012/2013,1,0.0,No,Head,20,24 downs,40.00 downs
140,Craig Steltz,Chicago Bears,Chicago Bears vs. Baltimore Ravens (17/11/2013),17/11/2013,Baltimore Ravens,Safety,No,Yes,11,2013/2014,1,0.0,No,Concussion,20,16 downs,19.88 downs
141,LaMar Miller,Miami Dolphins,Miami Dolphins vs. Pittsburgh Steelers (8/12/2013),8/12/2013,Pittsburgh Steelers,Running Back,No,Yes,14,2013/2014,1,0.0,No,Concussion,20,38 downs,40.92 downs
142,Duke Ihenacho,Denver Broncos,Denver Broncos vs. Oakland Raiders (29/12/2013),29/12/2013,Oakland Raiders,Safety,No,Yes,17,2013/2014,1,0.0,No,Concussion,20,45 downs,56.79 downs
143,Brandon Flowers,San Diego Chargers,Kansas City Chiefs vs. San Diego Chargers (19/10/2014),19/10/2014,Kansas City Chiefs,Comerback,No,No,7,2014/2015,1,1.0,No,Concussion,20,59 downs,54.00 downs
144,Cody Davis,St. Louis Rams,Kansas City Chiefs vs. St. Louis Rams (26/10/2014),26/10/2014,Kansas City Chiefs,Safety,No,No,8,2014/2015,1,1.0,No,Concussion,20,22 downs,21.00 downs
145,Earl Bennett,Chicago Bears,Seattle Seahawks vs. Chicago Bears (2/12/2012),2/12/2012,Seattle Seahawks,Wide Receiver,No,No,13,2012/2013,1,2.0,No,Concussion,20,31 downs,40.89 downs
146,Michael Vick,Philadelphia Eagles,Dallas Cowboys vs. Philadelphia Eagles (11/11/2012),11/11/2012,Dallas Cowboys,Quarterback,No,No,10,2012/2013,1,6.0,No,Concussion,20,60 downs,73.38 downs
147,David Amerson,Washington Redskins,Dallas Cowboys vs. Washington Redskins (13/10/2013),13/10/2013,Dallas Cowboys,Comerback,No,No,6,2013/2014,1,0.0,No,Concussion,21,32 downs,65.00 downs
148,Dwayne Gratz,Jacksonville Jaguars,San Diego Chargers vs. Jacksonville Jaguars (28/9/2014),28/09/2014,San Diego Chargers,Comerback,No,No,4,2014/2015,1,1.0,No,Concussion,21,28 downs,84.67 downs
150,Vernon Davis,San Francisco 49ers,Carolina Panthers vs. San Francisco 49ers (10/11/2013),10/11/2013,Carolina Panthers,Tight End,No,No,10,2013/2014,1,0.0,No,Concussion,22,56 downs,46.50 downs
151,Eugene Sims,St. Louis Rams,St. Louis Rams vs. Seattle Seahawks (30/9/2012),30/09/2012,Seattle Seahawks,Defensive End,No,Yes,4,2012/2013,1,1.0,No,Head,22,36 downs,49.33 downs
152,John Carlson,Minnesota Vikings,Minnesota Vikings vs. Arizona Cardinals (21/10/2012),21/10/2012,Arizona Cardinals,Tight End,No,Yes,7,2012/2013,1,2.0,No,Concussion,22,12 downs,22.83 downs
153,Donald Brown,San Diego Chargers,San Diego Chargers vs. New York Jets (5/10/2014),5/10/2014,New York Jets,Linebacker,No,Yes,5,2014/2015,1,3.0,No,Concussion,22,20 downs,43.75 downs
154,Stephen Burton,Jacksonville Jaguars,Jacksonville Jaguars vs. Tennessee Titans (10/11/2013),10/11/2013,Tennessee Titans,Wide Receiver,No,Yes,10,2013/2014,1,7.0,No,Concussion,22,Did not return from injury,45.33 downs
155,Julian Edelman,New England Patriots,New England Patriots vs. New York Jets (22/11/2012),22/11/2012,New York Jets,Wide Receiver,No,Yes,12,2012/2013,1,0.0,No,Concussion,23,59 downs,41.00 downs
156,Jason Snelling,Atlanta Falcons,New York Jets vs. Atlanta Falcons (7/10/2013),7/10/2013,New York Jets,Running Back,No,No,5,2013/2014,1,0.0,No,Concussion,23,28 downs,34.00 downs
158,Reed Doughty,Washington Redskins,Washington Redskins vs. Chicago Bears (20/10/2013),20/10/2013,Chicago Bears,Safety,No,Yes,7,2013/2014,1,1.0,No,Concussion,23,29 downs,46.50 downs
159,Willis McGahee,Cleveland Browns,New England Patriots vs. Cleveland Browns (8/12/2013),8/12/2013,New England Patriots,Running Back,No,No,14,2013/2014,1,1.0,No,Concussion,23,2 downs,24.00 downs
160,Matt Conrath,St. Louis Rams,San Francisco 49ers vs. St. Louis Rams (26/9/2013),26/09/2013,San Francisco 49ers,Defensive Tackle,No,No,4,2013/2014,1,5.0,No,Concussion,23,23 downs,20.00 downs
161,Alex Smith,San Francisco 49ers,St. Louis Rams vs. San Francisco 49ers (11/11/2012),11/11/2012,St. Louis Rams,Quarterback,No,No,10,2012/2013,1,6.0,No,Concussion,23,6 downs,56.88 downs
162,Darcel McBath,San Francisco 49ers,San Francisco 49ers vs. New Orleans Saints (25/11/2012),25/11/2012,New Orleans Saints,Safety,No,Yes,12,2012/2013,1,0.0,No,Concussion,24,20 downs,21.00 downs
163,Zac Stacy,St. Louis Rams,St. Louis Rams vs. Chicago Bears (24/11/2013),24/11/2013,Chicago Bears,Running Back,No,Yes,12,2013/2014,1,0.0,No,Concussion,24,55 downs,36.63 downs
164,Reed Doughty,Washington Redskins,New York Giants vs. Washington Redskins (1/12/2013),1/12/2013,New York Giants,Safety,No,No,13,2013/2014,1,0.0,No,Concussion,24,57 downs,48.80 downs
165,William Gholston,Tampa Bay Buccaneers,Tampa Bay Buccaneers vs. Buffalo Bills (8/12/2013),8/12/2013,Buffalo Bills,Defensive End,No,Yes,14,2013/2014,1,0.0,No,Head,24,42 downs,21.50 downs
166,Chris Culliver,San Francisco 49ers,San Francisco 49ers vs. Dallas Cowboys (7/9/2014),7/09/2014,Dallas Cowboys,Comerback,No,Yes,1,2014/2015,1,0.0,No,Concussion,24,59 downs,24.00 downs
167,Charlie Peprah,Dallas Cowboys,Dallas Cowboys vs. Cleveland Browns (18/11/2012),18/11/2012,Cleveland Browns,Safety,No,Yes,11,2012/2013,1,0.0,No,Concussion,25,32 downs,55.00 downs
168,Matthew Slater,New England Patriots,New England Patriots vs. New York Jets (22/11/2012),22/11/2012,New York Jets,Wide Receiver,No,Yes,12,2012/2013,1,0.0,No,Concussion,25,20 downs,18.70 downs
169,Will Tukuafu,San Francisco 49ers,San Francisco 49ers vs. New England Patriots (16/12/2012),16/12/2012,New England Patriots,Defensive Tackle,No,Yes,15,2012/2013,1,0.0,No,Concussion,25,13 downs,22.50 downs
171,Darrell Stuckey,San Diego Chargers,San Diego Chargers vs. Kansas City Chiefs (24/11/2013),24/11/2013,Kansas City Chiefs,Safety,No,Yes,12,2013/2014,1,0.0,No,Concussion,25,19 downs,21.20 downs
172,Niles Paul,Washington Redskins,New York Giants vs. Washington Redskins (25/9/2014),25/09/2014,New York Giants,Tight End,No,No,4,2014/2015,1,0.0,No,Concussion,25,48 downs,62.00 downs
173,Christian Ponder,Minnesota Vikings,Minnesota Vikings vs. Chicago Bears (1/12/2013),1/12/2013,Chicago Bears,Quarterback,No,Yes,13,2013/2014,1,4.0,No,Concussion,25,Did not return from injury,60.75 downs
175,Mike Brisiel,Oakland Raiders,Atlanta Falcons vs. Oakland Raiders (14/10/2012),14/10/2012,Atlanta Falcons,Guard,No,No,6,2012/2013,1,0.0,No,Concussion,26,85 downs,65.50 downs
176,Brian Cushing,Houston Texans,Seattle Seahawks vs. Houston Texans (29/9/2013),29/09/2013,Seattle Seahawks,Linebacker,No,No,4,2013/2014,1,0.0,No,Concussion,26,50 downs,66.00 downs
177,Johnny Patrick,San Diego Chargers,Miami Dolphins vs. San Diego Chargers (17/11/2013),17/11/2013,Miami Dolphins,Comerback,No,No,11,2013/2014,1,0.0,No,Concussion,26,43 downs,51.00 downs
178,Jay Cutler,Chicago Bears,Houston Texans vs. Chicago Bears (11/11/2012),11/11/2012,Houston Texans,Quarterback,No,No,10,2012/2013,1,1.0,No,Concussion,26,73 downs,63.50 downs
179,Mason Foster,Tampa Bay Buccaneers,Tampa Bay Buccaneers vs. Atlanta Falcons (17/11/2013),17/11/2013,Atlanta Falcons,Linebacker,No,Yes,11,2013/2014,1,1.0,No,Concussion,26,60 downs,56.33 downs
180,Bill Bentley,Detroit Lions,New York Giants vs. Detroit Lions (22/12/2013),22/12/2013,New York Giants,Comerback,No,No,16,2013/2014,1,1.0,No,Concussion,26,Did not return from injury,47.92 downs
181,Jacquizz Rodgers,Atlanta Falcons,San Francisco 49ers vs. Atlanta Falcons (23/12/2013),23/12/2013,San Francisco 49ers,Running Back,No,No,16,2013/2014,1,1.0,No,Concussion,26,Did not return from injury,40.00 downs
182,Joique Bell,Detroit Lions,Detroit Lions vs. New York Jets (28/9/2014),28/09/2014,New York Jets,Running Back,No,Yes,4,2014/2015,1,2.0,No,Concussion,26,46 downs,38.00 downs
183,Laurent Robinson,Jacksonville Jaguars,Cincinnati Bengals vs. Jacksonville Jaguars (30/9/2012),30/09/2012,Cincinnati Bengals,Wide Receiver,No,No,4,2012/2013,1,3.0,No,Concussion,26,45 downs,39.00 downs
185,Mike Mitchell,Oakland Raiders,Cleveland Browns vs. Oakland Raiders (2/12/2012),2/12/2012,Cleveland Browns,Safety,No,No,13,2012/2013,1,0.0,No,Concussion,27,49 downs,32.00 downs
186,Chris Williams,St. Louis Rams,St. Louis Rams vs. Chicago Bears (24/11/2013),24/11/2013,Chicago Bears,Guard,No,Yes,12,2013/2014,1,0.0,No,Concussion,27,72 downs,62.60 downs
187,Darrius Heyward-Bey,Oakland Raiders,Oakland Raiders vs. Pittsburgh Steelers (23/9/2012),23/09/2012,Pittsburgh Steelers,Wide Receiver,No,Yes,3,2012/2013,1,1.0,No,Concussion,27,50 downs,56.50 downs
188,Ryan Griffin,Houston Texans,Arizona Cardinals vs. Houston Texans (10/11/2013),10/11/2013,Arizona Cardinals,Tight End,No,No,10,2013/2014,1,1.0,No,Concussion,27,33 downs,28.50 downs
189,Dan Connolly,New England Patriots,New England Patriots vs. Buffalo Bills (12/10/2014),12/10/2014,Buffalo Bills,Guard,No,Yes,6,2014/2015,1,1.0,No,Concussion,27,71 downs,72.80 downs
190,Luke Stocker,Tampa Bay Buccaneers,New Orleans Saints vs. Tampa Bay Buccaneers (16/12/2012),16/12/2012,New Orleans Saints,Tight End,No,No,15,2012/2013,1,0.0,No,Head,28,45 downs,38.15 downs
191,Patrick Peterson,Arizona Cardinals,Arizona Cardinals vs. Philadelphia Eagles (26/10/2014),26/10/2014,Philadelphia Eagles,Comerback,No,Yes,8,2014/2015,1,0.0,No,Concussion,28,68 downs,66.33 downs
193,T.J. Lang,Green Bay Packers,Chicago Bears vs. Green Bay Packers (4/11/2013),4/11/2013,Chicago Bears,Guard,No,No,9,2013/2014,1,0.0,No,Concussion,29,84 downs,77.00 downs
195,Fletcher Cox,Philadelphia Eagles,Washington Redskins vs. Philadelphia Eagles (23/12/2012),23/12/2012,Washington Redskins,Defensive Tackle,No,No,16,2012/2013,1,1.0,No,Concussion,29,Did not return from injury,41.57 downs
196,George Selvie,Jacksonville Jaguars,Buffalo Bills vs. Jacksonville Jaguars (2/12/2012),2/12/2012,Buffalo Bills,Defensive End,No,No,13,2012/2013,1,2.0,No,Concussion,29,30 downs,33.17 downs
198,Jason Hatcher,Dallas Cowboys,Washington Redskins vs. Dallas Cowboys (22/11/2012),22/11/2012,Washington Redskins,Defensive Tackle,No,No,12,2012/2013,1,0.0,No,Concussion,30,54 downs,46.00 downs
199,Keith Tandy,Tampa Bay Buccaneers,Atlanta Falcons vs. Tampa Bay Buccaneers (20/10/2013),20/10/2013,Atlanta Falcons,Safety,No,No,7,2013/2014,1,0.0,No,Concussion,30,43 downs,18.20 downs
200,Kamar Aiken,Baltimore Ravens,Baltimore Ravens vs. Tampa Bay Buccaneers (12/10/2014),12/10/2014,Tampa Bay Buccaneers,Wide Receiver,No,Yes,6,2014/2015,1,0.0,No,Concussion,30,33 downs,18.40 downs
201,Kevin Ogletree,Dallas Cowboys,Dallas Cowboys vs. Cleveland Browns (18/11/2012),18/11/2012,Cleveland Browns,Wide Receiver,No,Yes,11,2012/2013,1,1.0,No,Concussion,30,21 downs,34.56 downs
202,Jeff Cumberland,New York Jets,Cincinnati Bengals vs. New York Jets (27/10/2013),27/10/2013,Cincinnati Bengals,Tight End,No,No,8,2013/2014,1,1.0,No,Concussion,30,51 downs,44.71 downs
203,Clyde Gates,New York Jets,New England Patriots vs. New York Jets (22/11/2012),22/11/2012,New England Patriots,Wide Receiver,No,No,12,2012/2013,1,2.0,No,Concussion,30,17 downs,22.14 downs
204,Jordan Cameron,Cleveland Browns,Washington Redskins vs. Cleveland Browns (16/12/2012),16/12/2012,Washington Redskins,Tight End,No,No,15,2012/2013,1,2.0,No,Head,30,Did not return from injury,29.77 downs
205,Alex Smith,Cleveland Browns,Cincinnati Bengals vs. Cleveland Browns (16/9/2012),16/09/2012,Cincinnati Bengals,Tight End,No,No,2,2012/2013,1,3.0,No,Head,30,14 downs,43.00 downs
206,Melvin White,Carolina Panthers,Carolina Panthers vs. Minnesota Vikings (13/10/2013),13/10/2013,Minnesota Vikings,Comerback,No,Yes,6,2013/2014,1,0.0,No,Concussion,31,58 downs,28.50 downs
207,Eddie Lacy,Green Bay Packers,Seattle Seahawks vs. Green Bay Packers (4/9/2014),4/09/2014,Seattle Seahawks,Running Back,No,No,1,2014/2015,1,0.0,No,Concussion,31,55 downs,31.00 downs
208,Tony Scheffler,Detroit Lions,Green Bay Packers vs. Detroit Lions (6/10/2013),6/10/2013,Green Bay Packers,Tight End,No,No,5,2013/2014,1,11.0,No,Concussion,31,Did not return from injury,16.25 downs
209,Kendall Wright,Tennessee Titans,Houston Texans vs. Tennessee Titans (15/9/2013),15/09/2013,Houston Texans,Wide Receiver,No,No,2,2013/2014,1,0.0,No,Concussion,32,45 downs,19.00 downs
210,Chris Harris,Denver Broncos,Denver Broncos vs. Dallas Cowboys (6/10/2013),6/10/2013,Dallas Cowboys,Comerback,No,Yes,5,2013/2014,1,0.0,No,Concussion,32,68 downs,71.00 downs
211,Asa Jackson,Baltimore Ravens,Baltimore Ravens vs. Pittsburgh Steelers (11/9/2014),11/09/2014,Pittsburgh Steelers,Comerback,No,Yes,2,2014/2015,1,0.0,No,Concussion,32,71 downs,57.00 downs
214,Isa Abdul-Quddus,New Orleans Saints,San Francisco 49ers vs. New Orleans Saints (25/11/2012),25/11/2012,San Francisco 49ers,Safety,No,No,12,2012/2013,1,1.0,No,Concussion,32,86 downs,45.70 downs
215,Tyler Polumbus,Washington Redskins,Washington Redskins vs. Cleveland Browns (16/12/2012),16/12/2012,Cleveland Browns,Offensive Tackle,No,Yes,15,2012/2013,1,1.0,No,Head,32,62 downs,64.77 downs
216,Kenny Vaccaro,New Orleans Saints,New Orleans Saints vs. Dallas Cowboys (10/11/2013),10/11/2013,Dallas Cowboys,Safety,No,Yes,10,2013/2014,1,1.0,No,Concussion,32,68 downs,66.75 downs
217,Phil Taylor,Cleveland Browns,New York Jets vs. Cleveland Browns (22/12/2013),22/12/2013,New York Jets,Offensive Tackle,No,No,16,2013/2014,1,1.0,No,Concussion,32,Did not return from injury,41.86 downs
218,Vontaze Burfict,Cincinnati Bengals,Cincinnati Bengals vs. Atlanta Falcons (14/9/2014),14/09/2014,Atlanta Falcons,Linebacker,No,Yes,2,2014/2015,1,2.0,No,Concussion,32,80 downs,23.00 downs
219,Ryan Clark,Pittsburgh Steelers,Pittsburgh Steelers vs. Washington Redskins (28/10/2012),28/10/2012,Washington Redskins,Safety,No,Yes,8,2012/2013,1,0.0,No,Concussion,33,58 downs,63.40 downs
220,Coty Sensabaugh,Tennessee Titans,Kansas City Chiefs vs. Tennessee Titans (6/10/2013),6/10/2013,Kansas City Chiefs,Comerback,No,No,5,2013/2014,1,0.0,No,Concussion,33,45 downs,48.00 downs
221,Brandon Boykin,Philadelphia Eagles,Minnesota Vikings vs. Philadelphia Eagles (15/12/2013),15/12/2013,Minnesota Vikings,Comerback,No,No,15,2013/2014,1,0.0,No,Concussion,33,53 downs,58.85 downs
222,Wallace Gilberry,Cincinnati Bengals,Cincinnati Bengals vs. Baltimore Ravens (29/12/2013),29/12/2013,Baltimore Ravens,Defensive End,No,Yes,17,2013/2014,1,0.0,No,Concussion,33,33 downs,36.13 downs
223,O'Brien Schofield,Seattle Seahawks,Seattle Seahawks vs. Oakland Raiders (2/11/2014),2/11/2014,Oakland Raiders,Defensive End,No,Yes,9,2014/2015,1,0.0,No,Head,33,35 downs,33.89 downs
224,Daniel Thomas,Miami Dolphins,Miami Dolphins vs. Cincinnati Bengals (7/10/2012),7/10/2012,Cincinnati Bengals,Running Back,No,Yes,5,2012/2013,1,1.0,No,Concussion,33,49 downs,36.33 downs
225,Jerel Worthy,Green Bay Packers,Green Bay Packers vs. Jacksonville Jaguars (28/10/2012),28/10/2012,Jacksonville Jaguars,Defensive End,No,Yes,8,2012/2013,1,1.0,No,Concussion,33,22 downs,53.86 downs
226,Uche Nwaneri,Jacksonville Jaguars,New England Patriots vs. Jacksonville Jaguars (23/12/2012),23/12/2012,New England Patriots,Guard,No,No,16,2012/2013,1,1.0,No,Concussion,33,Did not return from injury,66.79 downs
227,Benjamin Watson,New Orleans Saints,New Orleans Saints vs. Dallas Cowboys (10/11/2013),10/11/2013,Dallas Cowboys,Tight End,No,Yes,10,2013/2014,1,1.0,No,Concussion,33,27 downs,40.63 downs
228,Devin McCourty,New England Patriots,New England Patriots vs. Baltimore Ravens (22/12/2013),22/12/2013,Baltimore Ravens,Safety,No,Yes,16,2013/2014,1,1.0,No,Concussion,33,78 downs,84.07 downs
229,Jordan Reed,Washington Redskins,Philadelphia Eagles vs. Washington Redskins (17/11/2013),17/11/2013,Philadelphia Eagles,Tight End,No,No,11,2013/2014,1,6.0,No,Concussion,33,Did not return from injury,48.14 downs
230,Tiquan Underwood,Tampa Bay Buccaneers,Tampa Bay Buccaneers vs. Carolina Panthers (18/11/2012),18/11/2012,Carolina Panthers,Wide Receiver,No,Yes,11,2012/2013,1,0.0,No,Head,34,29 downs,25.86 downs
231,Terence Newman,Cincinnati Bengals,Cincinnati Bengals vs. Kansas City Chiefs (18/11/2012),18/11/2012,Kansas City Chiefs,Comerback,No,Yes,11,2012/2013,1,0.0,No,Head,34,63 downs,62.00 downs
232,Donnie Avery,Indianapolis Colts,New England Patriots vs. Indianapolis Colts (18/11/2012),18/11/2012,New England Patriots,Wide Receiver,No,No,11,2012/2013,1,0.0,No,Head,34,71 downs,66.44 downs
233,Roy Miller,Tampa Bay Buccaneers,Denver Broncos vs. Tampa Bay Buccaneers (2/12/2012),2/12/2012,Denver Broncos,Defensive Tackle,No,No,13,2012/2013,1,1.0,No,Head,34,29 downs,40.73 downs
234,Sheldon Brown,Cleveland Browns,Denver Broncos vs. Cleveland Browns (23/12/2012),23/12/2012,Denver Broncos,Comerback,No,No,16,2012/2013,1,1.0,No,Head,34,Did not return from injury,61.21 downs
235,George Iloka,Cincinnati Bengals,Cincinnati Bengals vs. Indianapolis Colts (8/12/2013),8/12/2013,Indianapolis Colts,Safety,No,Yes,14,2013/2014,1,0.0,No,Concussion,35,63 downs,70.00 downs
236,Jason Campbell,Cleveland Browns,Pittsburgh Steelers vs. Cleveland Browns (24/11/2013),24/11/2013,Pittsburgh Steelers,Quarterback,No,No,12,2013/2014,1,1.0,No,Concussion,35,74 downs,51.25 downs
237,Robert Griffin III,Washington Redskins,Atlanta Falcons vs. Washington Redskins (7/10/2012),7/10/2012,Atlanta Falcons,Quarterback,No,No,5,2012/2013,1,0.0,No,Head,36,58 downs,71.00 downs
238,Torrey Smith,Baltimore Ravens,Denver Broncos vs. Baltimore Ravens (16/12/2012),16/12/2012,Denver Broncos,Wide Receiver,No,No,15,2012/2013,1,0.0,No,Head,36,75 downs,60.92 downs
239,Jay Ratliff,Chicago Bears,Chicago Bears vs. San Francisco 49ers (14/9/2014),14/09/2014,San Francisco 49ers,Defensive Tackle,No,Yes,2,2014/2015,1,3.0,No,Concussion,36,41 downs,55.00 downs
240,Will Johnson,Pittsburgh Steelers,Pittsburgh Steelers vs. Baltimore Ravens (2/12/2012),2/12/2012,Baltimore Ravens,Full Back,No,Yes,13,2012/2013,1,0.0,No,Concussion,37,20 downs,34.27 downs
241,Jake Long,St. Louis Rams,San Francisco 49ers vs. St. Louis Rams (1/12/2013),1/12/2013,San Francisco 49ers,Offensive Tackle,No,No,13,2013/2014,1,0.0,No,Concussion,37,56 downs,67.00 downs
242,Jon Baldwin,Kansas City Chiefs,Pittsburgh Steelers vs. Kansas City Chiefs (12/11/2012),12/11/2012,Pittsburgh Steelers,Wide Receiver,No,No,10,2012/2013,1,1.0,No,Head,37,26 downs,39.00 downs
243,Morris Claiborne,Dallas Cowboys,Dallas Cowboys vs. Cincinnati Bengals (9/12/2012),9/12/2012,Cincinnati Bengals,Comerback,No,Yes,14,2012/2013,1,1.0,No,Concussion,37,93 downs,58.50 downs
244,Joe Reitz,Indianapolis Colts,Indianapolis Colts vs. Houston Texans (30/12/2012),30/12/2012,Houston Texans,Guard,No,Yes,17,2012/2013,1,1.0,No,Concussion,37,Did not return from injury,58.63 downs
245,Johnathan Cyprien,Jacksonville Jaguars,Philadelphia Eagles vs. Jacksonville Jaguars (7/9/2014),7/09/2014,Philadelphia Eagles,Safety,No,No,1,2014/2015,1,1.0,No,Concussion,37,78 downs,37.00 downs
246,Omar Bolden,Denver Broncos,Denver Broncos vs. San Francisco 49ers (19/10/2014),19/10/2014,San Francisco 49ers,Comerback,No,Yes,7,2014/2015,1,1.0,No,Concussion,37,17 downs,24.33 downs
247,Anthony Fasano,Kansas City Chiefs,Denver Broncos vs. Kansas City Chiefs (1/12/2013),1/12/2013,Denver Broncos,Tight End,No,No,13,2013/2014,1,2.0,No,Concussion,37,53 downs,59.86 downs
248,Eric Reid,San Francisco 49ers,Seattle Seahawks vs. San Francisco 49ers (15/9/2013),15/09/2013,Seattle Seahawks,Safety,No,No,2,2013/2014,1,0.0,No,Concussion,38,77 downs,67.00 downs
249,Jerrell Freeman,Indianapolis Colts,San Diego Chargers vs. Indianapolis Colts (14/10/2013),14/10/2013,San Diego Chargers,Linebacker,No,No,6,2013/2014,1,0.0,No,Concussion,38,78 downs,56.80 downs
250,Corey Liuget,San Diego Chargers,San Diego Chargers vs. Jacksonville Jaguars (28/9/2014),28/09/2014,Jacksonville Jaguars,Defensive End,No,Yes,4,2014/2015,1,0.0,No,Concussion,38,27 downs,46.67 downs
252,Eric Fisher,Kansas City Chiefs,Kansas City Chiefs vs. New York Giants (29/9/2013),29/09/2013,New York Giants,Offensive Tackle,No,Yes,4,2013/2014,1,1.0,No,Concussion,38,67 downs,75.33 downs
253,Phil Loadholt,Minnesota Vikings,Dallas Cowboys vs. Minnesota Vikings (3/11/2013),3/11/2013,Dallas Cowboys,Offensive Tackle,No,No,9,2013/2014,1,1.0,No,Concussion,38,78 downs,65.86 downs
254,Alex Green,Green Bay Packers,Green Bay Packers vs. Chicago Bears (16/12/2012),16/12/2012,Chicago Bears,Running Back,No,Yes,15,2012/2013,1,2.0,No,Concussion,38,1 downs,29.55 downs
256,John Carlson,Minnesota Vikings,Baltimore Ravens vs. Minnesota Vikings (8/12/2013),8/12/2013,Baltimore Ravens,Tight End,No,No,14,2013/2014,1,3.0,No,Concussion,39,Did not return from injury,45.42 downs
257,D'Qwell Jackson,Cleveland Browns,New York Giants vs. Cleveland Browns (7/10/2012),7/10/2012,New York Giants,Linebacker,No,No,5,2012/2013,1,0.0,No,Head,40,75 downs,84.00 downs
258,Joe Staley,San Francisco 49ers,New York Giants vs. San Francisco 49ers (14/10/2012),14/10/2012,New York Giants,Offensive Tackle,No,No,6,2012/2013,1,0.0,No,Concussion,40,61 downs,67.40 downs
259,Barry Richardson,St. Louis Rams,New England Patriots vs. St. Louis Rams (28/10/2012),28/10/2012,New England Patriots,Offensive Tackle,No,No,8,2012/2013,1,0.0,No,Head,40,88 downs,66.14 downs
260,Santana Moss,Washington Redskins,Carolina Panthers vs. Washington Redskins (4/11/2012),4/11/2012,Carolina Panthers,Wide Receiver,No,No,9,2012/2013,1,0.0,No,Head,40,22 downs,28.75 downs
261,Elbert Mack,New Orleans Saints,New Orleans Saints vs. Oakland Raiders (18/11/2012),18/11/2012,Oakland Raiders,Comerback,No,Yes,11,2012/2013,1,1.0,No,Concussion,40,39 downs,6.00 downs
262,Eric Wright,Tampa Bay Buccaneers,Washington Redskins vs. Tampa Bay Buccaneers (30/9/2012),30/09/2012,Washington Redskins,Comerback,No,No,4,2012/2013,1,0.0,No,Head,41,68 downs,63.33 downs
263,Lawrence Jackson,Detroit Lions,Indianapolis Colts vs. Detroit Lions (2/12/2012),2/12/2012,Indianapolis Colts,Defensive End,No,No,13,2012/2013,1,0.0,No,Concussion,41,33 downs,28.20 downs
264,Eric Reid,San Francisco 49ers,Carolina Panthers vs. San Francisco 49ers (10/11/2013),10/11/2013,Carolina Panthers,Safety,No,No,10,2013/2014,1,0.0,No,Concussion,41,75 downs,67.75 downs
265,Josh McNary,Indianapolis Colts,Indianapolis Colts vs. Kansas City Chiefs (4/1/2014),4/01/2014,Kansas City Chiefs,Linebacker,No,Yes,18,2013/2014,1,0.0,No,Concussion,41,38 downs,37.60 downs
266,Terrell McClain,Dallas Cowboys,Dallas Cowboys vs. St. Louis Rams (21/9/2014),21/09/2014,St. Louis Rams,Defensive Tackle,No,Yes,3,2014/2015,1,1.0,No,Concussion,41,18 downs,20.00 downs
267,Jeremy Mincey,Jacksonville Jaguars,Indianapolis Colts vs. Jacksonville Jaguars (29/9/2013),29/09/2013,Indianapolis Colts,Defensive End,No,No,4,2013/2014,1,3.0,No,Concussion,41,21 downs,29.67 downs
269,Trumaine Johnson,St. Louis Rams,St. Louis Rams vs. Chicago Bears (24/11/2013),24/11/2013,Chicago Bears,Comerback,No,Yes,12,2013/2014,1,0.0,No,Concussion,42,65 downs,57.20 downs
270,Vontaze Burfict,Cincinnati Bengals,Cincinnati Bengals vs. Minnesota Vikings (22/12/2013),22/12/2013,Minnesota Vikings,Linebacker,No,Yes,16,2013/2014,1,0.0,No,Concussion,42,69 downs,70.21 downs
271,Fred Jackson,Buffalo Bills,New England Patriots vs. Buffalo Bills (11/11/2012),11/11/2012,New England Patriots,Running Back,No,No,10,2012/2013,1,1.0,No,Concussion,42,32 downs,30.33 downs
273,Drayton Florence,Detroit Lions,Green Bay Packers vs. Detroit Lions (18/11/2012),18/11/2012,Green Bay Packers,Comerback,No,No,11,2012/2013,1,0.0,No,Concussion,43,84 downs,45.50 downs
274,Antonio Allen,New York Jets,New York Jets vs. New Orleans Saints (3/11/2013),3/11/2013,New Orleans Saints,Safety,No,Yes,9,2013/2014,1,0.0,No,Concussion,43,6 downs,53.13 downs
276,Vance Walker,Oakland Raiders,New York Jets vs. Oakland Raiders (8/12/2013),8/12/2013,New York Jets,Defensive Tackle,No,No,14,2013/2014,1,1.0,No,Concussion,43,60 downs,55.58 downs
277,K'Waun Williams,Cleveland Browns,Cleveland Browns vs. Pittsburgh Steelers (12/10/2014),12/10/2014,Pittsburgh Steelers,Comerback,No,Yes,6,2014/2015,1,1.0,No,Concussion,43,15 downs,26.80 downs
278,Jordan Pugh,Washington Redskins,Washington Redskins vs. Minnesota Vikings (14/10/2012),14/10/2012,Minnesota Vikings,Safety,No,Yes,6,2012/2013,1,0.0,No,Head,44,43 downs,12.50 downs
279,Arthur Jones,Baltimore Ravens,New England Patriots vs. Baltimore Ravens (22/12/2013),22/12/2013,New England Patriots,Defensive Tackle,No,No,16,2013/2014,1,1.0,No,Concussion,44,Did not return from injury,41.00 downs
280,Jason Pinkston,Cleveland Browns,New York Jets vs. Cleveland Browns (22/12/2013),22/12/2013,New York Jets,Guard,No,No,16,2013/2014,1,1.0,No,Concussion,44,Did not return from injury,60.00 downs
281,Mike Iupati,San Francisco 49ers,San Francisco 49ers vs. St. Louis Rams (13/10/2014),13/10/2014,St. Louis Rams,Guard,No,Yes,6,2014/2015,1,1.0,No,Concussion,44,71 downs,73.40 downs
282,Red Bryant,Seattle Seahawks,Seattle Seahawks vs. Tampa Bay Buccaneers (3/11/2013),3/11/2013,Tampa Bay Buccaneers,Defensive End,No,Yes,9,2013/2014,1,1.0,No,Concussion,45,39 downs,35.50 downs
284,Rashad Jennings,Oakland Raiders,Dallas Cowboys vs. Oakland Raiders (28/11/2013),28/11/2013,Dallas Cowboys,Running Back,No,No,13,2013/2014,1,1.0,No,Concussion,46,62 downs,43.27 downs
285,Vince Williams,Pittsburgh Steelers,New England Patriots vs. Pittsburgh Steelers (3/11/2013),3/11/2013,New England Patriots,Linebacker,No,No,9,2013/2014,1,0.0,No,Concussion,47,33 downs,43.00 downs
286,Ramses Barden,New York Giants,Philadelphia Eagles vs. New York Giants (30/9/2012),30/09/2012,Philadelphia Eagles,Wide Receiver,No,No,4,2012/2013,1,1.0,No,Concussion,47,13 downs,42.33 downs
287,Jarvis Jones,Pittsburgh Steelers,Pittsburgh Steelers vs. New York Jets (13/10/2013),13/10/2013,New York Jets,Linebacker,No,Yes,6,2013/2014,1,1.0,No,Concussion,47,14 downs,57.25 downs
288,Max Unger,Seattle Seahawks,Seattle Seahawks vs. Tampa Bay Buccaneers (3/11/2013),3/11/2013,Tampa Bay Buccaneers,Center,No,Yes,9,2013/2014,1,1.0,No,Concussion,47,45 downs,64.17 downs
289,Brandon Bostick,Green Bay Packers,Minnesota Vikings vs. Green Bay Packers (24/11/2013),24/11/2013,Minnesota Vikings,Tight End,No,No,12,2013/2014,1,1.0,No,Concussion,47,26 downs,26.88 downs
290,Scott Chandler,Buffalo Bills,New England Patriots vs. Buffalo Bills (30/9/2012),30/09/2012,New England Patriots,Tight End,No,No,4,2012/2013,1,0.0,No,Head,48,43 downs,59.33 downs
291,Javier Arenas,Kansas City Chiefs,San Diego Chargers vs. Kansas City Chiefs (1/11/2012),1/11/2012,San Diego Chargers,Comerback,No,No,9,2012/2013,1,0.0,No,Head,48,72 downs,32.86 downs
292,Kyle Rudolph,Minnesota Vikings,Chicago Bears vs. Minnesota Vikings (25/11/2012),25/11/2012,Chicago Bears,Tight End,No,No,12,2012/2013,1,0.0,No,Concussion,48,47 downs,63.20 downs
294,Tony Moeaki,Kansas City Chiefs,Oakland Raiders vs. Kansas City Chiefs (16/12/2012),16/12/2012,Oakland Raiders,Tight End,No,No,15,2012/2013,1,1.0,No,Head,48,36 downs,63.31 downs
295,Garrett Graham,Houston Texans,Houston Texans vs. Cincinnati Bengals (5/1/2013),5/01/2013,Cincinnati Bengals,Tight End,No,Yes,18,2012/2013,1,0.0,No,Concussion,49,46 downs,46.40 downs
296,George Selvie,Dallas Cowboys,San Diego Chargers vs. Dallas Cowboys (29/9/2013),29/09/2013,San Diego Chargers,Defensive End,No,No,4,2013/2014,1,0.0,No,Concussion,49,66 downs,46.33 downs
297,Danny Amendola,New England Patriots,New England Patriots vs. New Orleans Saints (13/10/2013),13/10/2013,New Orleans Saints,Wide Receiver,No,Yes,6,2013/2014,1,1.0,No,Concussion,49,38 downs,47.50 downs
298,Chaz Schilens,New York Jets,New England Patriots vs. New York Jets (22/11/2012),22/11/2012,New England Patriots,Wide Receiver,No,No,12,2012/2013,1,0.0,No,Concussion,50,43 downs,44.40 downs
299,Alex Smith,Cincinnati Bengals,Cincinnati Bengals vs. Minnesota Vikings (22/12/2013),22/12/2013,Minnesota Vikings,Tight End,No,Yes,16,2013/2014,1,0.0,No,Concussion,50,37 downs,31.14 downs
301,Terrelle Pryor,Oakland Raiders,Denver Broncos vs. Oakland Raiders (23/9/2013),23/09/2013,Denver Broncos,Quarterback,No,No,3,2013/2014,1,1.0,No,Concussion,50,58 downs,63.00 downs
302,Andre Brown,New York Giants,New York Giants vs. Detroit Lions (22/12/2013),22/12/2013,Detroit Lions,Running Back,No,Yes,16,2013/2014,1,1.0,No,Concussion,50,28 downs,47.00 downs
303,Stephen Burton,Jacksonville Jaguars,Seattle Seahawks vs. Jacksonville Jaguars (22/9/2013),22/09/2013,Seattle Seahawks,Wide Receiver,No,No,3,2013/2014,1,5.0,No,Concussion,50,22 downs,43.00 downs
304,Donald Jones,Buffalo Bills,New England Patriots vs. Buffalo Bills (30/9/2012),30/09/2012,New England Patriots,Wide Receiver,No,No,4,2012/2013,1,0.0,No,Head,51,45 downs,59.00 downs
305,Wes Welker,Denver Broncos,Denver Broncos vs. Tennessee Titans (8/12/2013),8/12/2013,Tennessee Titans,Wide Receiver,No,Yes,14,2013/2014,1,3.0,No,Concussion,51,68 downs,61.25 downs
306,Craig Dahl,St. Louis Rams,St. Louis Rams vs. Buffalo Bills (9/12/2012),9/12/2012,Buffalo Bills,Safety,No,Yes,14,2012/2013,1,0.0,No,Head,52,75 downs,81.42 downs
307,Mychal Kendricks,Philadelphia Eagles,Washington Redskins vs. Philadelphia Eagles (23/12/2012),23/12/2012,Washington Redskins,Linebacker,No,No,16,2012/2013,1,1.0,No,Concussion,52,Did not return from injury,62.79 downs
308,Jordan Cameron,Cleveland Browns,Chicago Bears vs. Cleveland Browns (15/12/2013),15/12/2013,Chicago Bears,Tight End,No,No,15,2013/2014,1,1.0,No,Concussion,52,39 downs,67.69 downs
309,Nate Solder,New England Patriots,Miami Dolphins vs. New England Patriots (15/12/2013),15/12/2013,Miami Dolphins,Offensive Tackle,No,No,15,2013/2014,1,1.0,No,Concussion,52,81 downs,79.46 downs
310,Dwayne Bowe,Kansas City Chiefs,Indianapolis Colts vs. Kansas City Chiefs (22/12/2013),22/12/2013,Indianapolis Colts,Wide Receiver,No,No,16,2013/2014,1,1.0,No,Concussion,52,71 downs,56.07 downs
311,Harrison Smith,Minnesota Vikings,Chicago Bears vs. Minnesota Vikings (25/11/2012),25/11/2012,Chicago Bears,Safety,No,No,12,2012/2013,1,0.0,No,Concussion,53,92 downs,72.50 downs
312,LeSean McCoy,Philadelphia Eagles,Washington Redskins vs. Philadelphia Eagles (18/11/2012),18/11/2012,Washington Redskins,Running Back,No,No,11,2012/2013,1,4.0,No,Concussion,53,64 downs,60.00 downs
313,Amari Spievey,Detroit Lions,Chicago Bears vs. Detroit Lions (22/10/2012),22/10/2012,Chicago Bears,Safety,No,No,7,2012/2013,1,10.0,No,Concussion,53,Did not return from injury,53.25 downs
315,Craig Stevens,Tennessee Titans,Tennessee Titans vs. Buffalo Bills (21/10/2012),21/10/2012,Buffalo Bills,Tight End,No,Yes,7,2012/2013,1,0.0,No,Concussion,54,53 downs,47.00 downs
316,Billy Bajema,Baltimore Ravens,Cincinnati Bengals vs. Baltimore Ravens (30/12/2012),30/12/2012,Cincinnati Bengals,Tight End,No,No,17,2012/2013,1,0.0,No,Head,54,10 downs,22.29 downs
317,Cecil Shorts,Jacksonville Jaguars,Buffalo Bills vs. Jacksonville Jaguars (2/12/2012),2/12/2012,Buffalo Bills,Wide Receiver,No,No,13,2012/2013,1,1.0,No,Concussion,54,62 downs,42.82 downs
318,Brandon Myers,Oakland Raiders,Oakland Raiders vs. Pittsburgh Steelers (23/9/2012),23/09/2012,Pittsburgh Steelers,Tight End,No,Yes,3,2012/2013,1,0.0,No,Concussion,55,67 downs,68.00 downs
320,Josh Wilson,Washington Redskins,St. Louis Rams vs. Washington Redskins (16/9/2012),16/09/2012,St. Louis Rams,Comerback,No,No,2,2012/2013,1,0.0,No,Head,56,70 downs,80.00 downs
321,Shawn Lauvao,Cleveland Browns,Washington Redskins vs. Cleveland Browns (16/12/2012),16/12/2012,Washington Redskins,Guard,No,No,15,2012/2013,1,0.0,No,Head,56,66 downs,69.54 downs
322,Anthony Allen,Baltimore Ravens,Cincinnati Bengals vs. Baltimore Ravens (30/12/2012),30/12/2012,Cincinnati Bengals,Running Back,No,No,17,2012/2013,1,0.0,No,Head,56,19 downs,22.60 downs
323,John Sullivan,Minnesota Vikings,Seattle Seahawks vs. Minnesota Vikings (17/11/2013),17/11/2013,Seattle Seahawks,Center,No,No,11,2013/2014,1,0.0,No,Concussion,56,86 downs,62.00 downs
324,Nick Foles,Philadelphia Eagles,Dallas Cowboys vs. Philadelphia Eagles (20/10/2013),20/10/2013,Dallas Cowboys,Quarterback,No,No,7,2013/2014,1,1.0,No,Concussion,56,51 downs,29.75 downs
325,Stanley Havili,Indianapolis Colts,Indianapolis Colts vs. Tennessee Titans (14/11/2013),14/11/2013,Tennessee Titans,Full Back,No,Yes,11,2013/2014,1,1.0,No,Concussion,56,45 downs,39.71 downs
328,Matt Giordano,Oakland Raiders,Baltimore Ravens vs. Oakland Raiders (11/11/2012),11/11/2012,Baltimore Ravens,Safety,No,No,10,2012/2013,1,0.0,No,Concussion,58,66 downs,59.00 downs
329,Mike Brisiel,Oakland Raiders,Carolina Panthers vs. Oakland Raiders (23/12/2012),23/12/2012,Carolina Panthers,Guard,No,No,16,2012/2013,1,1.0,No,Concussion,58,Did not return from injury,68.43 downs
331,King Dunlap,San Diego Chargers,Tennessee Titans vs. San Diego Chargers (22/9/2013),22/09/2013,Tennessee Titans,Offensive Tackle,No,No,3,2013/2014,1,2.0,No,Concussion,58,80 downs,74.00 downs
333,Mike Jenkins,Oakland Raiders,Tennessee Titans vs. Oakland Raiders (24/11/2013),24/11/2013,Tennessee Titans,Comerback,No,No,12,2013/2014,1,0.0,No,Concussion,59,48 downs,66.20 downs
334,Winston Justice,Indianapolis Colts,Indianapolis Colts vs. Detroit Lions (2/12/2012),2/12/2012,Detroit Lions,Offensive Tackle,No,Yes,13,2012/2013,1,0.0,No,Head,60,33 downs,71.44 downs
335,Andre Johnson,Houston Texans,Houston Texans vs. Tennessee Titans (15/9/2013),15/09/2013,Tennessee Titans,Wide Receiver,No,Yes,2,2013/2014,1,0.0,No,Concussion,60,41 downs,71.00 downs
336,Le'Veon Bell,Pittsburgh Steelers,Baltimore Ravens vs. Pittsburgh Steelers (28/11/2013),28/11/2013,Baltimore Ravens,Running Back,No,No,13,2013/2014,1,0.0,No,Concussion,60,55 downs,51.63 downs
337,Brandon Weeden,Cleveland Browns,Cleveland Browns vs. Pittsburgh Steelers (25/11/2012),25/11/2012,Pittsburgh Steelers,Quarterback,No,Yes,12,2012/2013,1,0.0,No,Head,61,68 downs,64.60 downs
338,Larry Fitzgerald,Arizona Cardinals,Arizona Cardinals vs. Tennessee Titans (15/12/2013),15/12/2013,Tennessee Titans,Wide Receiver,No,Yes,15,2013/2014,1,0.0,No,Concussion,61,64 downs,62.08 downs
339,Erin Henderson,Minnesota Vikings,Indianapolis Colts vs. Minnesota Vikings (16/9/2012),16/09/2012,Indianapolis Colts,Linebacker,No,No,2,2012/2013,1,2.0,No,Concussion,61,20 downs,83.00 downs
341,Matt Cassel,Kansas City Chiefs,Baltimore Ravens vs. Kansas City Chiefs (7/10/2012),7/10/2012,Baltimore Ravens,Quarterback,No,No,5,2012/2013,1,1.0,No,Concussion,62,51 downs,77.00 downs
342,Jacob Lacey,Detroit Lions,Detroit Lions vs. Philadelphia Eagles (14/10/2012),14/10/2012,Philadelphia Eagles,Comerback,No,Yes,6,2012/2013,1,2.0,No,Concussion,62,56 downs,55.75 downs
344,Fernando Velasco,Tennessee Titans,Indianapolis Colts vs. Tennessee Titans (28/10/2012),28/10/2012,Indianapolis Colts,Center,No,No,8,2012/2013,1,0.0,No,Concussion,63,59 downs,66.71 downs
345,Jimmy Smith,Baltimore Ravens,Baltimore Ravens vs. Pittsburgh Steelers (28/11/2013),28/11/2013,Pittsburgh Steelers,Comerback,No,Yes,13,2013/2014,1,0.0,No,Concussion,63,65 downs,68.45 downs
346,Andrew Whitworth,Cincinnati Bengals,Cincinnati Bengals vs. Philadelphia Eagles (13/12/2012),13/12/2012,Philadelphia Eagles,Offensive Tackle,No,Yes,15,2012/2013,1,0.0,No,Head,64,68 downs,69.77 downs
347,Ryan Clark,Pittsburgh Steelers,Pittsburgh Steelers vs. Kansas City Chiefs (12/11/2012),12/11/2012,Kansas City Chiefs,Safety,No,Yes,10,2012/2013,1,0.0,No,Concussion,65,64 downs,58.29 downs
348,Ryan Wendell,New England Patriots,Cincinnati Bengals vs. New England Patriots (6/10/2013),6/10/2013,Cincinnati Bengals,Center,No,No,5,2013/2014,1,0.0,No,Concussion,65,92 downs,79.00 downs
349,Carlos Dunlap,Cincinnati Bengals,Pittsburgh Steelers vs. Cincinnati Bengals (15/12/2013),15/12/2013,Pittsburgh Steelers,Defensive End,No,No,15,2013/2014,1,0.0,No,Concussion,65,44 downs,59.86 downs
351,Robert Quinn,St. Louis Rams,St. Louis Rams vs. Arizona Cardinals (25/11/2012),25/11/2012,Arizona Cardinals,Defensive End,No,Yes,12,2012/2013,1,0.0,No,Concussion,66,20 downs,63.40 downs
352,Will Blackmon,Jacksonville Jaguars,Seattle Seahawks vs. Jacksonville Jaguars (22/9/2013),22/09/2013,Seattle Seahawks,Comerback,No,No,3,2013/2014,1,0.0,No,Head,66,75 downs,61.50 downs
353,Kelvin Benjamin,Carolina Panthers,Carolina Panthers vs. Cincinnati Bengals (12/10/2014),12/10/2014,Cincinnati Bengals,Wide Receiver,No,Yes,6,2014/2015,1,0.0,No,Concussion,66,52 downs,58.40 downs
354,Craig Stevens,Tennessee Titans,Green Bay Packers vs. Tennessee Titans (23/12/2012),23/12/2012,Green Bay Packers,Tight End,No,No,16,2012/2013,1,1.0,No,Concussion,66,Did not return from injury,51.88 downs
355,Ace Sanders,Jacksonville Jaguars,Denver Broncos vs. Jacksonville Jaguars (13/10/2013),13/10/2013,Denver Broncos,Wide Receiver,No,No,6,2013/2014,1,1.0,No,Concussion,66,5 downs,49.80 downs
356,Tracy Porter,Oakland Raiders,Denver Broncos vs. Oakland Raiders (23/9/2013),23/09/2013,Denver Broncos,Comerback,No,No,3,2013/2014,1,0.0,No,Concussion,67,68 downs,63.00 downs
357,Paul Posluszny,Jacksonville Jaguars,Jacksonville Jaguars vs. Tennessee Titans (10/11/2013),10/11/2013,Tennessee Titans,Linebacker,No,Yes,10,2013/2014,1,1.0,No,Concussion,67,60 downs,73.88 downs
358,Sidney Rice,Seattle Seahawks,Seattle Seahawks vs. Chicago Bears (2/12/2012),2/12/2012,Chicago Bears,Wide Receiver,No,Yes,13,2012/2013,1,0.0,No,Head,68,44 downs,49.09 downs
359,Muhammad Wilkerson,New York Jets,San Diego Chargers vs. New York Jets (23/12/2012),23/12/2012,San Diego Chargers,Defensive End,No,No,16,2012/2013,1,0.0,No,Concussion,68,63 downs,61.14 downs
360,Xavier Rhodes,Minnesota Vikings,Minnesota Vikings vs. Green Bay Packers (24/11/2013),24/11/2013,Green Bay Packers,Wide Receiver,No,Yes,12,2013/2014,1,0.0,No,Concussion,68,76 downs,53.10 downs
361,LaRon Landry,Indianapolis Colts,Indianapolis Colts vs. Kansas City Chiefs (4/1/2014),4/01/2014,Kansas City Chiefs,Safety,No,Yes,18,2013/2014,1,0.0,No,Concussion,68,73 downs,65.67 downs
362,Colin McCarthy,Tennessee Titans,Jacksonville Jaguars vs. Tennessee Titans (25/11/2012),25/11/2012,Jacksonville Jaguars,Linebacker,No,No,12,2012/2013,1,5.0,No,Concussion,68,Did not return from injury,59.00 downs
364,Brandon LaFell,Carolina Panthers,Chicago Bears vs. Carolina Panthers (28/10/2012),28/10/2012,Chicago Bears,Wide Receiver,No,No,8,2012/2013,1,1.0,No,Head,69,70 downs,56.50 downs
367,Antrel Rolle,New York Giants,New York Giants vs. Dallas Cowboys (28/10/2012),28/10/2012,Dallas Cowboys,Safety,No,Yes,8,2012/2013,1,0.0,No,Concussion,71,70 downs,62.86 downs
368,Andrew Whitworth,Cincinnati Bengals,Pittsburgh Steelers vs. Cincinnati Bengals (15/12/2013),15/12/2013,Pittsburgh Steelers,Defensive End,No,No,15,2013/2014,1,0.0,No,Concussion,71,83 downs,69.27 downs
369,Aaron Williams,Buffalo Bills,Buffalo Bills vs. Chicago Bears (7/9/2014),7/09/2014,Chicago Bears,Safety,No,Yes,1,2014/2015,1,0.0,No,Concussion,71,87 downs,71.00 downs
371,Kenny Vaccaro,New Orleans Saints,New Orleans Saints vs. Buffalo Bills (27/10/2013),27/10/2013,Buffalo Bills,Safety,No,Yes,8,2013/2014,1,0.0,No,Concussion,72,57 downs,67.50 downs
373,Michael Johnson,Cincinnati Bengals,Cleveland Browns vs. Cincinnati Bengals (29/9/2013),29/09/2013,Cleveland Browns,Defensive End,No,No,4,2013/2014,1,1.0,No,Concussion,72,66 downs,59.33 downs
374,Nate Livings,Dallas Cowboys,Dallas Cowboys vs. Cincinnati Bengals (9/12/2012),9/12/2012,Cincinnati Bengals,Guard,No,Yes,14,2012/2013,1,0.0,No,Concussion,73,72 downs,74.17 downs
375,John Jerry,Miami Dolphins,Miami Dolphins vs. New York Jets (1/12/2013),1/12/2013,New York Jets,Guard,No,Yes,13,2013/2014,1,0.0,No,Concussion,73,69 downs,68.27 downs
377,Rolando McClain,Oakland Raiders,Miami Dolphins vs. Oakland Raiders (16/9/2012),16/09/2012,Miami Dolphins,Linebacker,No,No,2,2012/2013,1,0.0,No,Concussion,74,78 downs,61.00 downs
378,Justin Houston,Kansas City Chiefs,Kansas City Chiefs vs. Tennessee Titans (6/10/2013),6/10/2013,Tennessee Titans,Linebacker,No,Yes,5,2013/2014,1,0.0,No,Concussion,74,76 downs,67.50 downs
379,LaAdrian Waddle,Detroit Lions,Detroit Lions vs. New Orleans Saints (19/10/2014),19/10/2014,New Orleans Saints,Offensive Tackle,No,Yes,7,2014/2015,1,1.0,No,Concussion,74,48 downs,54.00 downs
380,J.R. Sweezy,Seattle Seahawks,Seattle Seahawks vs. New York Giants (15/12/2013),15/12/2013,New York Giants,Guard,No,Yes,15,2013/2014,1,1.0,No,Concussion,75,72 downs,71.92 downs
381,Brandon Weeden,Cleveland Browns,Jacksonville Jaguars vs. Cleveland Browns (1/12/2013),1/12/2013,Jacksonville Jaguars,Quarterback,No,No,13,2013/2014,1,4.0,No,Concussion,75,Did not return from injury,53.86 downs
382,Buster Skrine,Cleveland Browns,Dallas Cowboys vs. Cleveland Browns (18/11/2012),18/11/2012,Dallas Cowboys,Comerback,No,No,11,2012/2013,1,0.0,No,Head,77,55 downs,65.56 downs
383,T.J. Lang,Green Bay Packers,Green Bay Packers vs. Chicago Bears (16/12/2012),16/12/2012,Chicago Bears,Guard,No,Yes,15,2012/2013,1,0.0,No,Concussion,79,87 downs,69.92 downs
384,Ike Taylor,Pittsburgh Steelers,New England Patriots vs. Pittsburgh Steelers (3/11/2013),3/11/2013,New England Patriots,Comerback,No,No,9,2013/2014,1,0.0,No,Concussion,80,69 downs,69.71 downs
385,A.J. Jefferson,Minnesota Vikings,Minnesota Vikings vs. Chicago Bears (9/12/2012),9/12/2012,Chicago Bears,Comerback,No,Yes,14,2012/2013,1,0.0,No,Concussion,81,84 downs,40.00 downs
386,T.J. McDonald,St. Louis Rams,St. Louis Rams vs. Seattle Seahawks (19/10/2014),19/10/2014,Seattle Seahawks,Safety,No,Yes,7,2014/2015,1,0.0,No,Concussion,82,75 downs,73.60 downs
387,Eric Weddle,San Diego Chargers,Baltimore Ravens vs. San Diego Chargers (25/11/2012),25/11/2012,Baltimore Ravens,Safety,No,No,12,2012/2013,1,0.0,No,Concussion,85,90 downs,76.00 downs
388,Blidi Wreh-Wilson,Tennessee Titans,Indianapolis Colts vs. Tennessee Titans (28/9/2014),28/09/2014,Indianapolis Colts,Comerback,No,No,4,2014/2015,1,1.0,No,Concussion,85,90 downs,78.00 downs
389,Josh Sitton,Green Bay Packers,Green Bay Packers vs. Tennessee Titans (23/12/2012),23/12/2012,Tennessee Titans,Guard,No,Yes,16,2012/2013,1,0.0,No,Concussion,87,70 downs,73.64 downs
390,Nate Solder,New England Patriots,New England Patriots vs. Cleveland Browns (8/12/2013),8/12/2013,Cleveland Browns,Offensive Tackle,No,Yes,14,2013/2014,1,0.0,No,Concussion,87,52 downs,78.83 downs
391,Tony Jefferson,Arizona Cardinals,Arizona Cardinals vs. Philadelphia Eagles (26/10/2014),26/10/2014,Philadelphia Eagles,Safety,No,Yes,8,2014/2015,1,0.0,No,Concussion,93,33 downs,64.83 downs
